Deal ID,Created,Close Date,Stage,Amount,Segment,Founder Involved
D0,2023-10-31,2024-01-28,won,84157,Enterprise,no
D1,2023-10-25,2023-11-22,lost,66503,SMB,no
D2,2023-04-30,,open,66638,SMB,no
D3,2023-11-24,2024-01-02,won,24873,Mid-Market,no
D4,2023-01-08,2023-02-05,won,82476,SMB,yes
D5,2024-02-04,,open,40314,Mid-Market,no
D6,2024-01-04,2024-03-13,lost,60959,SMB,no
D7,2023-10-23,,open,22583,SMB,no
D8,2023-01-19,2023-02-25,lost,38814,Enterprise,no
D9,2023-06-04,2023-08-16,lost,55576,SMB,no
D10,2023-10-27,2024-01-07,lost,49140,SMB,yes
D11,2023-11-07,2023-12-17,lost,47780,Mid-Market,yes
D12,2023-12-02,2024-01-18,lost,80174,SMB,no
D13,2023-03-05,2023-04-02,lost,88723,Mid-Market,no
D14,2023-06-26,2023-07-24,lost,24761,Enterprise,yes
D15,2023-08-07,,open,10792,Mid-Market,yes
D16,2024-01-03,2024-04-07,lost,41578,Mid-Market,yes
D17,2023-06-08,2023-06-28,won,83612,Enterprise,yes
D18,2023-07-28,2023-09-23,lost,25473,Enterprise,yes
D19,2023-06-10,,open,54517,Mid-Market,no
D20,2023-09-24,2023-12-02,lost,83073,Mid-Market,yes
D21,2023-09-17,2023-11-10,lost,36147,SMB,no
D22,2023-05-13,2023-08-07,lost,49421,Mid-Market,yes
D23,2023-10-24,2023-12-23,won,85713,Mid-Market,yes
D24,2023-11-21,2024-02-29,lost,51257,Enterprise,no
D25,2023-12-28,2024-02-21,lost,7907,SMB,yes
D26,2023-01-11,2023-03-19,won,64809,SMB,no
D27,2023-11-04,2024-01-03,won,29280,SMB,no
D28,2023-11-01,2023-12-24,lost,54435,Mid-Market,yes
D29,2023-10-19,2023-11-24,lost,34168,Enterprise,no
D30,2023-06-17,2023-07-30,lost,17716,Enterprise,yes
D31,2023-06-14,2023-08-15,lost,34420,SMB,no
D32,2023-02-10,2023-04-14,lost,33576,Enterprise,no
D33,2023-04-26,2023-05-31,won,30009,Mid-Market,no
D34,2023-04-04,2023-05-29,lost,89140,SMB,yes
D35,2023-06-26,2023-09-29,won,43265,SMB,no
D36,2023-06-27,2023-09-08,won,79492,Mid-Market,no
D37,2023-07-31,2023-09-08,won,67567,Enterprise,no
D38,2024-01-03,2024-02-20,won,64856,SMB,no
D39,2023-06-24,,open,82159,SMB,no
D40,2023-05-06,2023-05-31,won,72147,Enterprise,yes
D41,2023-10-23,2023-11-18,won,20835,Mid-Market,yes
D42,2023-06-03,2023-07-23,lost,73808,SMB,no
D43,2023-11-10,2023-12-14,lost,38092,Enterprise,no
D44,2023-06-30,2023-08-17,won,75075,Enterprise,yes
D45,2023-05-03,,open,21840,Enterprise,yes
D46,2023-11-18,,open,11544,Mid-Market,no
D47,2023-05-18,2023-08-25,lost,60441,Enterprise,yes
D48,2023-06-15,,open,21628,Mid-Market,yes
D49,2023-01-26,2023-02-23,lost,9326,Enterprise,yes
D50,2023-09-15,2023-12-06,lost,46232,SMB,yes
D51,2023-07-17,2023-09-24,lost,52295,Mid-Market,no
D52,2023-06-18,2023-08-31,won,77813,Enterprise,yes
D53,2024-01-06,2024-03-14,lost,79282,SMB,yes
D54,2023-07-11,2023-09-27,lost,75952,Enterprise,no
D55,2023-01-23,,open,11955,SMB,no
D56,2023-09-12,2023-11-11,lost,59826,SMB,no
D57,2023-05-06,2023-06-22,lost,82319,Enterprise,yes
D58,2023-04-25,2023-07-08,won,8682,Mid-Market,no
D59,2023-10-14,2023-12-06,won,21140,Mid-Market,no
D60,2023-02-25,2023-04-26,lost,18517,SMB,yes
D61,2023-03-15,2023-05-04,lost,10808,Mid-Market,yes
D62,2023-02-20,2023-04-29,won,8078,SMB,no
D63,2023-01-14,2023-02-17,lost,42289,Enterprise,no
D64,2023-01-19,2023-04-21,lost,36235,Enterprise,yes
D65,2024-01-19,,open,13013,SMB,no
D66,2023-04-03,2023-05-02,won,28563,SMB,yes
D67,2023-11-12,2024-01-21,won,83571,Mid-Market,no
D68,2023-10-12,,open,54194,Mid-Market,yes
D69,2024-01-18,2024-02-27,lost,79501,Mid-Market,no
D70,2023-11-26,,open,24572,Enterprise,yes
D71,2023-09-12,,open,72797,Enterprise,no
D72,2024-01-04,2024-02-16,won,31106,SMB,yes
D73,2023-09-21,,open,75521,SMB,no
D74,2023-12-28,2024-03-09,lost,81621,SMB,no
D75,2023-06-07,2023-06-29,won,55167,Enterprise,yes
D76,2023-10-19,2023-12-24,won,68254,Enterprise,yes
D77,2023-12-24,2024-03-14,lost,31968,Mid-Market,no
D78,2023-12-01,2024-03-01,won,14486,SMB,no
D79,2023-01-24,,open,35772,SMB,yes
D80,2023-05-11,,open,38898,Enterprise,yes
D81,2023-11-15,,open,38424,Enterprise,yes
D82,2023-06-10,2023-07-23,lost,16262,Enterprise,yes
D83,2023-05-16,2023-07-12,won,64291,Enterprise,no
D84,2023-01-16,2023-03-19,lost,54764,Enterprise,no
D85,2023-04-18,2023-07-21,lost,69223,Enterprise,no
D86,2023-10-06,2023-12-05,won,41013,Enterprise,yes
D87,2023-08-10,2023-09-13,lost,74138,SMB,no
D88,2023-09-28,2023-12-04,lost,53291,Enterprise,no
D89,2023-12-06,2024-01-28,won,49371,Mid-Market,yes
D90,2023-09-10,2023-12-04,lost,43590,SMB,yes
D91,2023-11-27,2024-03-06,won,53598,SMB,no
D92,2023-02-25,2023-05-27,won,48454,Enterprise,no
D93,2023-06-03,2023-07-16,lost,45952,SMB,yes
D94,2023-02-05,2023-03-10,lost,77578,SMB,no
D95,2023-02-21,2023-04-16,won,12008,Mid-Market,yes
D96,2023-09-03,2023-11-26,won,72465,Enterprise,no
D97,2023-07-26,2023-10-11,lost,14073,Mid-Market,no
D98,2023-02-27,2023-04-07,won,18061,Mid-Market,yes
D99,2024-02-03,2024-03-08,won,29794,SMB,no
D100,2024-01-16,,open,21839,SMB,yes
D101,2023-04-10,2023-07-08,lost,79497,Mid-Market,yes
D102,2023-05-09,2023-07-15,lost,8943,Enterprise,no
D103,2023-07-16,2023-09-14,lost,81422,Mid-Market,no
D104,2023-09-12,2023-12-08,lost,44243,SMB,no
D105,2023-11-04,2023-12-18,lost,5311,Enterprise,yes
D106,2023-04-30,2023-07-21,won,86922,SMB,no
D107,2023-04-10,2023-07-06,won,70594,Enterprise,no
D108,2023-10-17,,open,25002,Enterprise,yes
D109,2023-02-15,,open,8344,Mid-Market,no
D110,2023-04-30,2023-07-23,won,75632,SMB,yes
D111,2023-06-15,,open,22610,Mid-Market,yes
D112,2024-02-01,2024-02-25,lost,50035,SMB,yes
D113,2023-04-13,2023-06-27,lost,33952,Enterprise,no
D114,2023-02-25,2023-03-22,lost,31254,Mid-Market,yes
D115,2023-09-12,2023-12-01,lost,75442,Mid-Market,no
D116,2023-11-29,2024-02-19,lost,65870,Enterprise,no
D117,2023-07-25,2023-10-09,won,9881,SMB,no
D118,2023-07-09,2023-09-24,lost,83181,Mid-Market,no
D119,2023-01-02,2023-02-17,won,53448,Enterprise,yes
