Customer,Invoice Date,Amount,Currency,Segment,Revenue Type
CUST-1,2023-01-01,6000,EUR,Enterprise,recurring
CUST-1,2023-02-01,6060.0,EUR,Enterprise,recurring
CUST-1,2023-03-01,6120.6,EUR,Enterprise,recurring
CUST-1,2023-04-01,6181.81,EUR,Enterprise,recurring
CUST-1,2023-05-01,6243.62,EUR,Enterprise,recurring
CUST-1,2023-06-01,6306.06,EUR,Enterprise,recurring
CUST-1,2023-07-01,6369.12,EUR,Enterprise,recurring
CUST-1,2023-08-01,6432.81,EUR,Enterprise,recurring
CUST-1,2023-09-01,6497.14,EUR,Enterprise,recurring
CUST-1,2023-10-01,6562.11,EUR,Enterprise,recurring
CUST-1,2023-11-01,6627.73,EUR,Enterprise,recurring
CUST-1,2023-12-01,6694.01,EUR,Enterprise,recurring
CUST-1,2024-01-01,6760.95,EUR,Enterprise,recurring
CUST-1,2024-02-01,6828.56,EUR,Enterprise,recurring
CUST-2,2023-01-01,2000,EUR,Mid-Market,recurring
CUST-2,2023-02-01,2020.0,EUR,Mid-Market,recurring
CUST-2,2023-03-01,2040.2,EUR,Mid-Market,recurring
CUST-2,2023-04-01,2060.6,EUR,Mid-Market,recurring
CUST-2,2023-05-01,2081.21,EUR,Mid-Market,recurring
CUST-2,2023-06-01,2102.02,EUR,Mid-Market,recurring
CUST-2,2023-07-01,2123.04,EUR,Mid-Market,recurring
CUST-2,2023-08-01,2144.27,EUR,Mid-Market,recurring
CUST-2,2023-09-01,2165.71,EUR,Mid-Market,recurring
CUST-2,2023-10-01,2187.37,EUR,Mid-Market,recurring
CUST-2,2023-11-01,2209.24,EUR,Mid-Market,recurring
CUST-2,2023-12-01,2231.34,EUR,Mid-Market,recurring
CUST-2,2024-01-01,2253.65,EUR,Mid-Market,recurring
CUST-2,2024-02-01,2276.19,EUR,Mid-Market,recurring
CUST-3,2023-01-01,300,EUR,SMB,recurring
CUST-3,2023-02-01,303.0,EUR,SMB,recurring
CUST-3,2023-03-01,306.03,EUR,SMB,recurring
CUST-3,2023-04-01,309.09,EUR,SMB,recurring
CUST-3,2023-05-01,312.18,EUR,SMB,recurring
CUST-3,2023-06-01,315.3,EUR,SMB,recurring
CUST-3,2023-07-01,318.46,EUR,SMB,recurring
CUST-3,2023-08-01,321.64,EUR,SMB,recurring
CUST-3,2023-09-01,324.86,EUR,SMB,recurring
CUST-3,2023-10-01,328.11,EUR,SMB,recurring
CUST-3,2023-11-01,331.39,EUR,SMB,recurring
CUST-3,2023-12-01,334.7,EUR,SMB,recurring
CUST-3,2024-01-01,338.05,EUR,SMB,recurring
CUST-3,2024-02-01,341.43,EUR,SMB,recurring
CUST-4,2023-01-01,5000,EUR,Enterprise,recurring
CUST-4,2023-02-01,5050.0,EUR,Enterprise,recurring
CUST-4,2023-03-01,5100.5,EUR,Enterprise,recurring
CUST-4,2023-04-01,5151.51,EUR,Enterprise,recurring
CUST-4,2023-05-01,5203.02,EUR,Enterprise,recurring
CUST-4,2023-06-01,5255.05,EUR,Enterprise,recurring
CUST-4,2023-07-01,5307.6,EUR,Enterprise,recurring
CUST-4,2023-08-01,5360.68,EUR,Enterprise,recurring
CUST-4,2023-09-01,5414.28,EUR,Enterprise,recurring
CUST-4,2023-10-01,5468.43,EUR,Enterprise,recurring
CUST-4,2023-11-01,5523.11,EUR,Enterprise,recurring
CUST-4,2023-12-01,5578.34,EUR,Enterprise,recurring
CUST-4,2024-01-01,5634.13,EUR,Enterprise,recurring
CUST-4,2024-02-01,5690.47,EUR,Enterprise,recurring
CUST-5,2023-01-01,1500,EUR,Mid-Market,recurring
CUST-5,2023-02-01,1515.0,EUR,Mid-Market,recurring
CUST-5,2023-03-01,1530.15,EUR,Mid-Market,recurring
CUST-5,2023-04-01,1545.45,EUR,Mid-Market,recurring
CUST-5,2023-05-01,1560.91,EUR,Mid-Market,recurring
CUST-5,2023-06-01,1576.52,EUR,Mid-Market,recurring
CUST-5,2023-07-01,1592.28,EUR,Mid-Market,recurring
CUST-5,2023-08-01,1608.2,EUR,Mid-Market,recurring
CUST-5,2023-09-01,1624.29,EUR,Mid-Market,recurring
CUST-5,2023-10-01,1640.53,EUR,Mid-Market,recurring
CUST-5,2023-11-01,1656.93,EUR,Mid-Market,recurring
CUST-5,2023-12-01,1673.5,EUR,Mid-Market,recurring
CUST-5,2024-01-01,1690.24,EUR,Mid-Market,recurring
CUST-5,2024-02-01,1707.14,EUR,Mid-Market,recurring
